1,"新浪国际焦点","chouti0002","http://rss.sina.com.cn/news/world/focus15.xml","e56c9a4df954e71d730421d8da61a03d",120,"2013-04-26 09:22:29","2012-03-27 07:04:58","2013-04-26 09:22:29",0,1
2,"新浪社会焦点","chouti0003","http://rss.sina.com.cn/news/society/focus15.xml","31da1372a32ec525868f9c943895a150",120,"2013-04-26 09:21:43","2012-03-27 07:04:58","2013-04-26 09:21:43",0,1
3,"网易头条新闻","chouti0004","http://news.163.com/special/00011K6L/rss_newstop.xml","5ce8eda2bd89078a6bd572fd99ec2e46",120,"2013-04-26 09:20:52","2012-03-27 07:04:58","2013-04-26 09:20:52",0,1
4,"土摩托日记","chouti0006","http://immusoul.com/index.php/feed","7faa28cc0bc7ff3e1eb488ae98b5080c",120,"2013-04-26 09:22:59","2012-03-27 07:04:58","2013-04-26 09:22:59",0,1
5,"新浪体育头条","chouti0007","http://rss.sina.com.cn/news/allnews/sports.xml","357d904ecd355564e70b586ad5c4415b",120,"2013-04-26 09:22:05","2012-03-27 07:04:58","2013-04-26 09:22:05",0,1
6,"韩寒","chouti0008","http://blog.sina.com.cn/rss/twocold.xml","e60fbc856eabbad21915c8ab81f1b1d9",120,"2013-04-26 09:21:24","2012-03-27 07:04:58","2013-04-26 09:21:24",0,1
7,"读书人","chouti0009","http://www.duxieren.com/duxieren.xml","808695ad076bb639b4560b22fc1ae51e",120,"2013-04-26 09:23:49","2012-03-27 07:04:58","2013-04-26 09:23:49",0,1
8,"生活糖果","chouti0011","http://feed.feedsky.com/lifecandy","229b79b74f8e5d31d154d1071b4cf332",120,"2013-04-26 09:22:14","2012-03-27 07:04:58","2013-04-26 09:22:14",0,1
9,"钱列宪要发炎","chouti0012","http://blog.ifeng.com/rss/1738385.xml","d377663b0fdb58461a5fb7d52fdbd76c",120,"2013-04-26 09:21:49","2012-03-27 07:04:58","2013-04-26 09:21:49",0,1
10,"网易深度报道","chouti0013","http://news.163.com/special/00011K6L/rss_hotnews.xml","d0c62fb8405ee9a6f1c49e45d73bd44f",120,"2013-04-26 09:20:45","2012-03-27 07:04:58","2013-04-26 09:20:46",0,1
11,"相对美女私房菜","chouti0014","http://blog.sina.com.cn/rss/wangxiaoxing.xml","ed32f442d70313ab36d169848a752223",120,"2013-04-26 09:17:18","2012-03-27 07:04:58","2013-04-26 09:20:12",1,1
12,"南方人物周刊","chouti0016","http://www.nfpeople.com/rss.xml","963af52212091c8dbe71d7ebf2cd969b",120,"2013-04-26 09:22:10","2012-03-27 07:04:58","2013-04-26 09:22:10",0,1
15,"生活的况味","chouti0019","http://www.liveme.org/feed","b05cabfa891f380e889dfac3fd183a38",120,"2013-04-26 09:23:35","2012-03-27 07:04:58","2013-04-26 09:23:35",0,1
16,"南都娱乐周刊","chouti0020","http://www.smweekly.com/rss.xml","757ff1db06221794885c4d302dffbc0d",120,"2013-04-26 09:22:12","2012-03-27 07:04:58","2013-04-26 09:22:12",0,1
17,"和菜头","chouti0021","http://www.hecaitou.com/blogs/hecaitou/Rss.aspx","c3a1e6393f8bf5b11152b68d0a60145a",120,"2013-04-26 09:17:26","2012-03-27 07:04:58","2013-04-26 09:20:12",1,1
18,"南方周末","chouti0024","http://www.infzm.com/rss/home/rss2.0.xml","49219407432e023b9baa3108347eb56c",120,"2013-04-26 09:17:32","2012-03-27 07:04:58","2013-04-26 09:20:12",1,1
19,"月光博客","chouti0026","http://feed.williamlong.info/","9ca99722f47abfb6b15d7292d32e4134",120,"2013-04-26 09:22:30","2012-03-27 07:04:58","2013-04-26 09:22:30",0,1
20,"分享网络2.0","chouti0027","http://www.showeb20.com/?feed=rss2","57a70f408f3900e3953bcdd860429a56",120,"2013-04-26 09:23:39","2012-03-27 07:04:58","2013-04-26 09:23:39",0,1
21,"天涯海阁","chouti0028","http://feed.web20share.com/","5259bb4880fc96c0deda19ba05f00c80",120,"2013-04-26 09:22:06","2012-03-27 07:04:58","2013-04-26 09:22:07",0,1
22,"爱胡扯","chouti0029","http://ihuche.com/feed","f287e0e9676de0c7321be622f5618c1c",120,"2013-04-26 09:22:41","2012-03-27 07:04:58","2013-04-26 09:22:41",0,1
23,"《财经网》","chouti0033","http://www.caijing.com.cn/rss/index.xml","0e8fbfcd0381bf18c7822cf17be71fb7",120,"2013-04-26 09:17:19","2012-03-27 07:04:58","2013-04-26 09:20:12",1,1
24,"郭凯经济笔记","chouti0034","http://www.kaieconblog.net/feed/","6b63522636faac20b3124227a2273356",120,"2013-04-26 09:21:59","2012-03-27 07:04:58","2013-04-26 09:21:59",0,1
25,"萨苏书场","chouti0035","http://blog.sina.com.cn/rss/sasu.xml","0ed360696a87879fe92b9b1e77a9e2c3",120,"2013-04-26 09:20:42","2012-03-27 07:04:58","2013-04-26 09:20:42",0,1
26,"Alpha","chouti0038","http://hi.baidu.com/cwyalpha/rss","72022fe36ada7a14c3238af5590eb7cd",120,"2013-04-26 09:17:22","2012-03-27 07:04:58","2013-04-26 09:20:12",1,1
27,"中国评论新闻","chouti0039","http://www.zhgpl.com/crn-webapp/rss/rss_msg.jsp?coluid=7&kindid=0&v=rss_2.0","403c4ab298e37676632f7731afd75d3a",120,"2013-04-26 09:20:31","2012-03-27 07:04:58","2013-04-26 09:20:31",0,1
28,"《人物画报》博客","chouti0040","http://blog.sina.com.cn/rss/1571974952.xml","73370a0990b646b5a66d0f0d900d7369",120,"2013-04-26 09:22:51","2012-03-27 07:04:58","2013-04-26 09:22:51",0,1
29,"李承鹏","chouti0047","http://blog.sina.com.cn/rss/1189591617.xml","a23b6124e50156d9572aabbd5447dbfc",120,"2013-04-26 09:20:56","2012-03-27 07:04:58","2013-04-26 09:20:56",0,1
30,"青马博客","chouti0048","http://ourfolk.net/feed/","ad316315ccde671aa9bd0341f18cc9a8",120,"2013-04-26 09:23:01","2012-03-27 07:04:58","2013-04-26 09:23:01",0,1
31,"水手音乐","chouti0049","http://feed.feedsky.com/musicsailorwp","34b270f8036391b7ed665c33c33869f8",120,"2013-04-26 09:20:31","2012-03-27 07:04:58","2013-04-26 09:20:31",0,1
32,"有意思吧","chouti0054","http://www.u148.net/rss","a0d40e12c9a81c02992589955f37f65e",120,"2013-04-26 09:20:15","2012-03-27 07:04:58","2013-04-26 09:20:15",0,1
33,"明星全接触","chouti0056","http://rss.sina.com.cn/ent/star/focus7.xml","5a3ad0907db0a807847f2bfd8cd71054",120,"2013-04-26 09:21:41","2012-03-27 07:04:58","2013-04-26 09:21:41",0,1
34,"速途网","chouti0059","http://www.sootoo.com/feeds/tag/5.xml","2523412a78c053c2f06d1e3915e4e13a",120,"2013-04-26 09:20:53","2012-03-27 07:04:58","2013-04-26 09:20:53",0,1
35,"优酷","chouti0064","http://www.youku.com/index/rss_cool_v","99b10ac36612915f17299a25d1e1b8a0",120,"2013-04-26 09:23:48","2012-03-27 07:04:58","2013-04-26 09:23:48",0,1
36,"迷络网","chouti0066","http://feed.feedsky.com/miiluocn","a7cded505353f3df860009fdbb4c8d6a",120,"2013-04-26 09:21:44","2012-03-27 07:04:58","2013-04-26 09:21:44",0,1
37,"网易军事新闻","chouti0067","http://news.163.com/special/00011K6L/rss_war.xml","2f10ca958214f1dd3d0e9f5684cf641e",120,"2013-04-26 09:20:48","2012-03-27 07:04:58","2013-04-26 09:20:48",0,1
38,"煎煮blog","chouti0072","http://www.jianzhublog.com/?feed=rss2","8f3ea60994cd8bc0ea9a9e380db883c5",120,"2013-04-26 09:21:38","2012-03-27 07:04:58","2013-04-26 09:21:38",0,1
39,"十年砍柴的凤凰博客","chouti0073","http://blog.ifeng.com/rss/1218514.xml","cea6e3b34a1ccb8164d4f7f8236a258c",120,"2013-04-26 09:22:07","2012-03-27 07:04:58","2013-04-26 09:22:07",0,1
40," 窝窝网聚","chouti0075","http://www.wowo520.cn/rss.xml","38610905188657f8240c57942dd2e7c5",120,"2013-04-26 09:22:20","2012-03-27 07:04:58","2013-04-26 09:22:21",0,1
41,"砖家","chouti0077","http://www.imzhuanjia.com/?feed=rss2","0ef9fc8a6bcfe300401048e68a1de50b",120,"2013-04-26 09:20:19","2012-03-27 07:04:58","2013-04-26 09:20:19",0,1
42,"扯谈的乐趣","chouti0083","http://blog.sina.com.cn/rss/shangjin.xml","42941769a41d41a11a3a450a74b6e2bf",120,"2013-04-26 09:23:43","2012-03-27 07:04:58","2013-04-26 09:23:43",0,1
43,"掘图志","chouti0087","http://feeds.juetuzhi.net/","5f1b8940ef15cbc2be2267d78f6e27eb",120,"2013-04-26 09:17:24","2012-03-27 07:04:58","2013-04-26 09:20:12",1,1
44,"河蟹娱乐","chouti0088","http://feed.kisshi.com/","2b0bc5e63b6c58b997b3bca199738bfc",120,"2013-04-26 09:22:25","2012-03-27 07:04:58","2013-04-26 09:22:25",0,1
45,"马克西姆","chouti0089","http://blog.sina.com.cn/rss/rmb.xml","dd470395ad2a5fca9d6bd9d64978df40",120,"2013-04-26 09:20:33","2012-03-27 07:04:58","2013-04-26 09:20:33",0,1
46,"星岛财经","chouti0094","http://www.stnn.cc/rss/fin/index.xml","4910ed5c1cfd6b2d903ec688858bf13e",120,"2013-04-26 09:21:03","2012-03-27 07:04:58","2013-04-26 09:21:03",0,1
47,"洪晃找乐","chouti0095","http://blog.sina.com.cn/rss/1198251274.xml","f2f80aabe1c006ce5c0c6cf1812ef4e9",120,"2013-04-26 09:20:30","2012-03-27 07:04:58","2013-04-26 09:20:30",0,1
48,"薛涌","chouti0096","http://blog.sina.com.cn/rss/1173360372.xml","74764538425c2747d03fdd5d301de179",120,"2013-04-26 09:17:27","2012-03-27 07:04:58","2013-04-26 09:20:12",1,1
49,"薛兆丰","chouti0097","http://feed.feedsky.com/d9vp","1ce088a8baa22381032c2a42340888f3",120,"2013-04-26 09:22:23","2012-03-27 07:04:58","2013-04-26 09:22:23",0,1
50,"潘采夫","chouti0099","http://blog.sina.com.cn/rss/1214686260.xml","81fa8c78add232853d5d7d538c99b1cf",120,"2013-04-26 09:20:25","2012-03-27 07:04:58","2013-04-26 09:20:25",0,1
51,"_望东方周刊","chouti0100","http://blog.sina.com.cn/rss/liaowangdongfangzhoukan.xml","d85fcec3655c916e81f065fd75f49b0d",120,"2013-04-26 09:22:16","2012-03-27 07:04:58","2013-04-26 09:22:16",0,1
52,"潘石屹","chouti0101","http://blog.sina.com.cn/rss/1182391231.xml","5c2768d91beaa72d1af3dea1c3dc8e97",120,"2013-04-26 09:17:33","2012-03-27 07:04:58","2013-04-26 09:20:12",1,1
53,"Leica中文站","chouti0102","http://leica.org.cn/feed.php","fecc8607d3cbd865fc00eb06b54add4f",120,"2013-04-26 09:23:19","2012-03-27 07:04:58","2013-04-26 09:23:19",0,1
54,"谭飞","chouti0103","http://blog.sina.com.cn/rss/1094627834.xml","f342ac522c376a09323b24b276aae09b",120,"2013-04-26 09:17:10","2012-03-27 07:04:58","2013-04-26 09:20:12",1,1
55,"程青松","chouti0104","http://blog.sina.com.cn/rss/1198503091.xml","01a628a0150ebe3479db27ce30de7b8f",120,"2013-04-26 09:17:08","2012-03-27 07:04:58","2013-04-26 09:20:12",1,1
56,"医生哥 波子","chouti0106","http://blog.sina.com.cn/rss/1228977142.xml","4ad23e68ebf9595a42399ad2a656b4b5",120,"2013-04-26 09:22:25","2012-03-27 07:04:58","2013-04-26 09:22:25",0,1
57,"新浪博客生活类精选","chouti0107","http://rss.sina.com.cn/blog/index/enjoy.xml","c9378143698a75430ee6156d977f6ec2",120,"2013-04-26 09:20:26","2012-03-27 07:04:58","2013-04-26 09:20:26",0,1
58,"新浪博客情感类精选","chouti0108","http://rss.sina.com.cn/blog/index/feel.xml","b862c4a5e1c6e74f9d5a9ca8daa4c0c2",120,"2013-04-26 09:17:11","2012-03-27 07:04:58","2013-04-26 09:20:12",1,1
59,"新浪博客财经类精选","chouti0109","http://rss.sina.com.cn/blog/index/finance.xml","11e275078f6ce3dab31551b07c9e596e",120,"2013-04-26 09:20:50","2012-03-27 07:04:58","2013-04-26 09:20:50",0,1
60,"谢国忠","chouti0113","http://xieguozhong.blog.sohu.com/rss","66af0fedc5d79d6d4d963379f2909006",120,"2013-04-26 09:21:39","2012-03-27 07:04:58","2013-04-26 09:21:39",0,1
61,"阮一峰的网络日志","chouti0114","http://www.ruanyifeng.com/blog/index.xml","a9d7a044157dbdc3988218a401cffdb6",120,"2013-04-26 09:17:34","2012-03-27 07:04:58","2013-04-26 09:20:12",1,1
62,"梁文道","chouti0117","http://blog.163.com/liang_wendao/rss/","ccb54be23d9f60fc6db7cd2fc9d8baba",120,"2013-04-26 09:21:33","2012-03-27 07:04:58","2013-04-26 09:21:33",0,1
63,"移动Labs焦点新闻","chouti0118","http://labs.chinamobile.com/rss/get_rss/news_with_all_rss","51784d4ceb44f611f78e07610bcc8ebf",120,"2013-04-26 09:22:27","2012-03-27 07:04:58","2013-04-26 09:22:27",0,1
64,"21世纪网","chouti0119","http://news.21cbh.com/?c=rss&rssid=38","a5f22fc961edbfd420c936cdd7ae6e9f",120,"2013-04-26 09:17:31","2012-03-27 07:04:58","2013-04-26 09:20:12",1,1
65,"钱文忠","chouti0120","http://blog.sina.com.cn/rss/1312228731.xml","d7135086c4b486c43b43a56c8920017a",120,"2013-04-26 09:22:29","2012-03-27 07:04:58","2013-04-26 09:22:29",0,1
66,"搜狐社会新闻","chouti0121","http://news.sohu.com/rss/shehui.xml","6a74983ad6871c216da09a73c2c22f7a",120,"2013-04-26 09:23:03","2012-03-27 07:04:58","2013-04-26 09:23:03",0,1
67,"贾云峰","chouti0122","http://blog.sina.com.cn/rss/1505167247.xml","94ee2b2f3b0c96af870d164472b65ebe",120,"2013-04-26 09:17:31","2012-03-27 07:04:58","2013-04-26 09:20:12",1,1
68,"大仙","chouti0124","http://blog.sina.com.cn/rss/1227058703.xml","c0ca4b56d1c6d33d6cb2d10ba0c59e92",120,"2013-04-26 09:17:08","2012-03-27 07:04:58","2013-04-26 09:20:12",1,1
70,"叶檀","chouti0127","http://blog.sina.com.cn/rss/1233227211.xml","ff9df4b941b1847cc40cceb4f22b7629",120,"2013-04-26 09:17:03","2012-03-27 07:04:58","2013-04-26 09:20:12",1,1
71,"任志强","chouti0132","http://blog.sina.com.cn/rss/1182389073.xml","e84c67cb9688c5290bc338eb2ef08b1d",120,"2013-04-26 09:21:03","2012-03-27 07:04:58","2013-04-26 09:21:03",0,1
72,"周其仁","chouti0134","http://qrchou.blog.hexun.com/rss2.aspx","2f4f91b1ba44d5448244fcfc2670ce83",120,"2013-04-26 09:21:11","2012-03-27 07:04:58","2013-04-26 09:21:12",0,1
73,"博闻网","chouti0135","http://feeds.bowenwang.com.cn/","39ae1f5dcaa29f57fce4da98889e27e0",120,"2013-04-26 09:17:13","2012-03-27 07:04:58","2013-04-26 09:20:12",1,1
74,"罗永浩","chouti0136","http://www.bullock.cn/blogs/laoluo/Rss.aspx","876c78199341da264d8e08d6a28cb921",120,"2013-04-26 09:22:35","2012-03-27 07:04:58","2013-04-26 09:22:35",0,1
75,"星岛时事","chouti0137","http://www.stnn.cc/rss/news/index.xml","cc90582c8d09ed8a47c660d6dcda8866",120,"2013-04-26 09:20:17","2012-03-27 07:04:58","2013-04-26 09:20:17",0,1
76,"星岛时评","chouti0138","http://www.stnn.cc/rss/op_ed/index.xml","6a4f12787adf6274e59b20224299cf9a",120,"2013-04-26 09:22:36","2012-03-27 07:04:58","2013-04-26 09:22:36",0,1
77,"汪丁丁","chouti0139","http://blog.163.com/wangdingdingblog/rss","7e20b5600626c1f3760825e2e1086537",120,"2013-04-26 09:21:59","2012-03-27 07:04:58","2013-04-26 09:21:59",0,1
78,"搜狐IT新闻","chouti0140","http://news.sohu.com/rss/it.xml","b612d84c1e8d4910edbf48a69ea84192",120,"2013-04-26 09:20:57","2012-03-27 07:04:58","2013-04-26 09:20:57",0,1
79,"蓝色理想","chouti0141","http://www.blueidea.com/common/rss.asp","cbcd2c3b11b2306f008c2bfae4e82573",120,"2013-04-26 09:17:30","2012-03-27 07:04:58","2013-04-26 09:20:12",1,1
80,"柴静","chouti0142","http://www.bullock.cn/blogs/chjguancha/Rss.aspx","85a63564237e9734e223cd371b74ed9f",120,"2013-04-26 09:23:23","2012-03-27 07:04:58","2013-04-26 09:23:23",0,1
81,"CNET科技资讯网 : 互联网","chouti0143","http://www.cnetnews.com.cn/news/rss/net.htm","8c0d27beb1dbca4fd63f226772e4aaea",120,"2013-04-26 09:20:18","2012-03-27 07:04:58","2013-04-26 09:20:18",0,1
82,"IT世界网 ","chouti0144","http://www.it.com.cn/index.xml","c72687619972a5f5db4dc7d86d8e090d",120,"2013-04-26 09:22:14","2012-03-27 07:04:58","2013-04-26 09:22:14",0,1
83,"36氪","chouti0145","http://www.36kr.com/feed","992b02d4c06a45eb1c60e392183419e4",120,"2013-04-26 09:20:24","2012-03-27 07:04:58","2013-04-26 09:20:24",0,1
85,"贺卫方","chouti0147","http://blog.sina.com.cn/rss/1216766752.xml","8466f4baa9a0593b76f32913ca213574",120,"2013-04-26 09:20:14","2012-03-27 07:04:58","2013-04-26 09:20:14",0,1
86,"倪方六","chouti0148","http://blog.sina.com.cn/rss/1213332190.xml","c30be91133dfc3647ee5f01f96ba267c",120,"2013-04-26 09:22:35","2012-03-27 07:04:58","2013-04-26 09:22:35",0,1
87,"傅国涌blog","chouti0150","http://www.bullock.cn/blogs/fuguoyong/Rss.aspx","d4cb0e78fe50be4a2d11d7765f191ebe",120,"2013-04-26 09:20:22","2012-03-27 07:04:58","2013-04-26 09:20:22",0,1
88,"王克勤","chouti0151","http://blog.sina.com.cn/rss/1700757973.xml","d12a6b2139fc3df0f87b98ff570c6f06",120,"2013-04-26 09:21:53","2012-03-27 07:04:58","2013-04-26 09:21:53",0,1
89,"南桥","chouti0152","http://blog.163.com/berlinfang/rss","a9a0188dfda5d51a4f86d653f375c54d",120,"2013-04-26 09:17:17","2012-03-27 07:04:58","2013-04-26 09:20:12",1,1
90,"工口堂","chouti0153","http://www.moeu.net/feed.asp","83e41e64c980233bf7a78622c5fc721d",120,"2013-04-26 09:17:23","2012-03-27 07:04:58","2013-04-26 09:20:12",1,1
91,"阿兹猫—猫眼看世界","chouti0154","http://blog.sina.com.cn/rss/1496935543.xml","e1a133be05fce7086ba0bbe48a2d52b1",120,"2013-04-26 09:17:04","2012-03-27 07:04:58","2013-04-26 09:20:12",1,1
92,"IT写作社区","chouti0155","http://home.donews.com/rss.xml","08cbc8922716a8f5dc80ece6a5fbec6d",120,"2013-04-26 09:20:28","2012-03-27 07:04:58","2013-04-26 09:20:28",0,1
93,"It Talks--上海人魏武挥的博客","chouti0156","http://weiwuhui.com/feed","f7914c8ce9c3035a791b424b37916597",120,"2013-04-26 09:17:17","2012-03-27 07:04:58","2013-04-26 09:20:12",1,1
94,"王石","chouti0159","http://blog.sina.com.cn/rss/1193491727.xml","d7d4241751cefaffc3651c32c2d0b81c",120,"2013-04-26 09:21:27","2012-03-27 07:04:58","2013-04-26 09:21:27",0,1
95,"对牛乱弹琴","chouti0160","http://blog.donews.com/keso/rss.aspx","84237683f0b5f1154f2c3f8cb8ca1eba",120,"2013-04-26 09:20:39","2012-03-27 07:04:58","2013-04-26 09:20:39",0,1
96,"五岳散人","chouti0161","http://blog.sina.com.cn/rss/1477045392.xml","f6d5949afe0659e67bd1889c74f7fca2",120,"2013-04-26 09:20:25","2012-03-27 07:04:58","2013-04-26 09:20:25",0,1
97,"八卦新闻","chouti0162","http://news.sohu.com/rss/yule.xml","8f0891b5aac3bf471ba8806104708c41",120,"2013-04-26 09:21:24","2012-03-27 07:04:58","2013-04-26 09:21:25",0,1
98,"星座小王子","chouti0163","http://blog.sina.com.cn/rss/astro_prince.xml","9f5877fca60ac23ca151f9e600aa38f2",120,"2013-04-26 09:17:33","2012-03-27 07:04:58","2013-04-26 09:20:12",1,1
99,"废话一筐","chouti0164","http://feihuayikuang.blog.sohu.com/rss","a38d7c4596d92a469e34c393fe1edec3",120,"2013-04-26 09:20:26","2012-03-27 07:04:58","2013-04-26 09:20:26",0,1
100,"蔡康永的博客","chouti0165","http://blog.sina.com.cn/rss/caikangyong.xml","662ef5fd8400e58cd1b491086d1c88dc",120,"2013-04-26 09:17:32","2012-03-27 07:04:58","2013-04-26 09:20:12",1,1
101,"靠近我 温暖你","chouti0166","http://blog.sina.com.cn/rss/1195019732.xml","a073273b1836c05a7b727e0660ef1e39",120,"2013-04-26 09:20:32","2012-03-27 07:04:58","2013-04-26 09:20:32",0,1
102,"电影宝库","chouti0169","http://rss.sina.com.cn/ent/film/focus7.xml","282ae60162f57c5f58b3b52e34d311d7",120,"2013-04-26 09:21:00","2012-03-27 07:04:58","2013-04-26 09:21:00",0,1
103,"看电影","chouti0174","http://www.mtime.com/blog/103667/rss","32cc86319699a32692fdc04af9cd72fc",120,"2013-04-26 09:17:14","2012-03-27 07:04:58","2013-04-26 09:20:12",1,1
104,"茅于轼","chouti0175","http://blog.sina.com.cn/rss/1235457821.xml","44084c7ed70a38c8873ba73f48f2e720",120,"2013-04-26 09:20:35","2012-03-27 07:04:58","2013-04-26 09:20:35",0,1
105,"闾丘露薇","chouti0178","http://blog.sina.com.cn/rss/luqiuluwei.xml","93c22eb823a5b1d3079dde857e0851f9",120,"2013-04-26 09:20:26","2012-03-27 07:04:58","2013-04-26 09:20:26",0,1
106,"电视前沿","chouti0179","http://rss.sina.com.cn/ent/tv/focus7.xml","83eaddc29b6c9eb036644723b32af9e8",120,"2013-04-26 09:21:12","2012-03-27 07:04:58","2013-04-26 09:21:12",0,1
107,"我们爱讲冷笑话","chouti0180","http://lengxiaohua.net/feed/","6acf0b6194b8acdfea76e1e3579797d0",120,"2013-04-26 09:22:26","2012-03-27 07:04:58","2013-04-26 09:22:26",0,1
108,"电影","chouti0182","http://www.ifensi.com/rss.php?cat=2","4f312b4b0fb04642233b98fb57c7ad27",120,"2013-04-26 09:20:17","2012-03-27 07:04:58","2013-04-26 09:20:17",0,1
109,"糗事百科","chouti0183","http://feed.feedsky.com/qiushi","bad19f193aaaa5c3e3bdd46f39d4aa97",120,"2013-04-26 09:20:39","2012-03-27 07:04:58","2013-04-26 09:20:39",0,1
110,"萝卜网","chouti0184","http://luo.bo/feed/","3051229cd6ae61b337efa6c86203f1f3",120,"2013-04-26 09:20:54","2012-03-27 07:04:58","2013-04-26 09:20:54",0,1
111,"译言-电脑","chouti0186","http://feed.feedsky.com/yeeyan-tech","f4981199cbe8b08469bb843cf8aad6f8",120,"2013-04-26 09:23:51","2012-03-27 07:04:58","2013-04-26 09:23:51",0,1
112,"译言-精品外文翻译","chouti0187","http://feed.feedsky.com/yeeyan_top","161471433aba6f82bc15619f4ae0f62b",120,"2013-04-26 09:20:14","2012-03-27 07:04:58","2013-04-26 09:20:14",0,1
113,"译言-商业","chouti0188","http://feed.feedsky.com/yeeyan-business","efec5bd52a70805f4a62e3f93a8cfa16",120,"2013-04-26 09:21:00","2012-03-27 07:04:58","2013-04-26 09:21:00",0,1
114,"译言-医疗与健康","chouti0189","http://feed.feedsky.com/yeeyan-health","de92643d1b608167f525573d8c43e506",120,"2013-04-26 09:21:26","2012-03-27 07:04:58","2013-04-26 09:21:26",0,1
115,"译言-艺术与文学","chouti0190","http://feed.feedsky.com/yeeyan-art","04e65f4ae041460ab61951ef59073327",120,"2013-04-26 09:21:26","2012-03-27 07:04:58","2013-04-26 09:21:27",0,1
116,"石述思","chouti0191","http://blog.sina.com.cn/rss/1338738570.xml","1e2d73fcda8a36fa4fe404135d288f6c",120,"2013-04-26 09:20:43","2012-03-27 07:04:58","2013-04-26 09:20:43",0,1
117,"王石川","chouti0192","http://blog.sina.com.cn/rss/1256559675.xml","0d623b8db8087a97933a098a212821f1",120,"2013-04-26 09:21:30","2012-03-27 07:04:58","2013-04-26 09:21:30",0,1
118,"咆哮女郎柏邦妮","chouti0193","http://bulaoge.com/rss2.blg?uid=227","d32254bf314992e14410b64cb069bb6b",120,"2013-04-26 09:17:12","2012-03-27 07:04:58","2013-04-26 09:20:12",1,1
119,"东西","chouti0194","http://www.dongxi.net/feed","e983de976a3b1dbafe1684ceebdb1bce",120,"2013-04-26 09:17:28","2012-03-27 07:04:58","2013-04-26 09:20:12",1,1
120,"水煮沉浮","chouti0195","http://www.911usa.com.cn/happy/feed.php","94dadd03e486e2f3dc092f9b7bb132bf",120,"2013-04-26 09:20:19","2012-03-27 07:04:58","2013-04-26 09:20:19",0,1
121,"孔庆东","chouti0197","http://blog.sina.com.cn/rss/1198367585.xml","e8c707c57d6ec7fd29718fe1bbc349a9",120,"2013-04-26 09:21:28","2012-03-27 07:04:58","2013-04-26 09:21:28",0,1
122,"方舟子","chouti0198","http://blog.sina.com.cn/rss/1195403385.xml","8f160eac7ba25fd4e5e5558981e26065",120,"2013-04-26 09:20:44","2012-03-27 07:04:58","2013-04-26 09:20:44",0,1
123,"财经热点新闻","chouti0199","http://news.sohu.com/rss/business.xml","946ffeb6cbcbcf914dac1fa74ffe5f17",120,"2013-04-26 09:22:47","2012-03-27 07:04:58","2013-04-26 09:22:47",0,1
124,"NBA-网易体育频道","chouti0200","http://sports.163.com/special/00051K7F/rss_sportslq.xml","e5283bc6b6744aab94682d4b5da9962d",120,"2013-04-26 09:23:25","2012-03-27 07:04:58","2013-04-26 09:23:25",0,1
126,"冯唐","chouti0202","http://www.fengtang.com/blog/?feed=rss2","7fd8c46fe41842c9b57a0a9073eb3bd8",120,"2013-04-26 09:21:19","2012-03-27 07:04:58","2013-04-26 09:21:19",0,1
127,"平客","chouti0203","http://hi.baidu.com/jcpink/rss","da1591e1e319f63512502acfcf0f1140",120,"2013-04-26 09:21:05","2012-03-27 07:04:58","2013-04-26 09:21:05",0,1
128,"关健斌","chouti0204","http://guanjianbin.blog.sohu.com/rss","2befff0930324ec3c8324e488a872ec0",120,"2013-04-26 09:20:16","2012-03-27 07:04:58","2013-04-26 09:20:16",0,1
129,"刘万永","chouti0205","http://liuwy.blog.sohu.com/rss","4065edaf2fbdc78aac2910fbbe35330a",120,"2013-04-26 09:21:51","2012-03-27 07:04:58","2013-04-26 09:21:51",0,1
130,"刘瑜","chouti0206","http://rendaliuyu.blog.163.com/rss/","2b03964cf59f53f2093d60dc5855ae41",120,"2013-04-26 09:20:29","2012-03-27 07:04:58","2013-04-26 09:20:29",0,1
131,"孙春龙","chouti0207","http://suncllw.blog.163.com/rss/","9d35de062cffab468cbd6cbaf9026c03",120,"2013-04-26 09:20:50","2012-03-27 07:04:58","2013-04-26 09:20:50",0,1
132,"影像日报","chouti0208","http://mymovie.blogbus.com/index.rdf","800d57c3214a35818c6f3172599ad0b3",120,"2013-04-26 09:17:15","2012-03-27 07:04:58","2013-04-26 09:20:12",1,1
133,"科学松鼠会","chouti0209","http://songshuhui.net/feed","235ca7c5c56a59f72f08a9f0b2896bab",120,"2013-04-26 09:22:13","2012-03-27 07:04:58","2013-04-26 09:22:13",0,1
134,"左岸读书","chouti0211","http://www.zreading.cn/feed","1eb515b259f4dfff0c2df81e7aad8e4f",120,"2013-04-26 09:20:54","2012-03-27 07:04:58","2013-04-26 09:20:54",0,1
135,"techweb极客新闻","chouti0214","http://geek.techweb.com.cn/rss.php","a64451e023a7e036266005e59b8b81d9",120,"2013-04-26 09:21:39","2012-03-27 07:04:58","2013-04-26 09:21:39",0,1
136,"爱范儿","chouti0215","http://www.ifanr.com/feed","d80ab5e32458e7ecc697d6ef22730fb5",120,"2013-04-26 09:17:09","2012-03-27 07:04:58","2013-04-26 09:20:12",1,1
137,"枪·东东枪的枪","chouti0216","http://thisisdongdongqiang.com/feed","170ce2d52c196510d66295f135fb59f5",120,"2013-04-26 09:20:30","2012-03-27 07:04:58","2013-04-26 09:20:30",0,1
138,"财新网博客","chouti0217","http://www.caing.com/rss/index.xml","7ae7ed453a112f2e7a980821dfe04524",120,"2013-04-26 09:21:54","2012-03-27 07:04:58","2013-04-26 09:21:54",0,1
139,"草根网","chouti0220","http://www.20ju.com/rss.xml","8f9d2dada2d2545117c6e6e7e48c8211",120,"2013-04-26 09:17:14","2012-03-27 07:04:59","2013-04-26 09:20:12",1,1
140,"傲楚阁的博客","chouti0222","http://blog.sina.com.cn/rss/aochuge.xml","5e8b6d990e9b939d775054122fbc6e60",120,"2013-04-26 09:22:23","2012-03-27 07:04:59","2013-04-26 09:22:23",0,1
141,"朱大可","chouti0223","http://blog.sina.com.cn/rss/1192525470.xml","157d5a8b4456edf8b989f7bb09a695a7",120,"2013-04-26 09:22:11","2012-03-27 07:04:59","2013-04-26 09:22:11",0,1
142,"吴稼祥","chouti0224","http://wujiaxiangblog.blog.sohu.com/rss","83b3ddcca3cec499e43c5d6b7e185e76",120,"2013-04-26 09:22:22","2012-03-27 07:04:59","2013-04-26 09:22:22",0,1
143,"和邪社","chouti0226","http://www.hexieshe.com/feed","77fcbf01393fc9609464a0c5cd73860b",120,"2013-04-26 09:20:20","2012-03-27 07:04:59","2013-04-26 09:20:20",0,1
144,"张五常","chouti0227","http://blog.sina.com.cn/rss/1199839991.xml","175764a076252577eeecff30fb521d48",120,"2013-04-26 09:21:58","2012-03-27 07:04:59","2013-04-26 09:21:59",0,1
145,"张发财","chouti0228","http://www.zhangfacai.com/?feedx3drss2","a4b1e7d211a7b159ed66e3f15934abe4",120,"2013-04-26 09:17:17","2012-03-27 07:04:59","2013-04-26 09:20:12",1,1
146,"虾米音乐每日精选","chouti0229","http://www.xiami.com/collect/feed","95eab39ad71d777a8d5a1d3350ddd34e",120,"2013-04-26 09:17:35","2012-03-27 07:04:59","2013-04-26 09:20:12",1,1
147,"笑味集","chouti0231","http://feed.yangod.com/","7603bba7fe03f7dc445bc5ee3872e71b",120,"2013-04-26 09:21:40","2012-03-27 07:04:59","2013-04-26 09:21:40",0,1
148,"一个人是一座岛","chouti0234","http://blog.sina.com.cn/rss/pinkonion.xml","bcce64cdc450ffa4496a3da312a50c16",120,"2013-04-26 09:20:21","2012-03-27 07:04:59","2013-04-26 09:20:21",0,1
149,"宋石男","chouti0235","http://blog.163.com/ssnly100/rss","eb1e5564cc047dee8811a94a360fee40",120,"2013-04-26 09:23:41","2012-03-27 07:04:59","2013-04-26 09:23:41",0,1
150,"张鸣","chouti0236","http://blog.sina.com.cn/rss/1254597365.xml","6ceeb3ae3b7d793513ef3775e2217002",120,"2013-04-26 09:21:42","2012-03-27 07:04:59","2013-04-26 09:21:42",0,1
151,"张颐武","chouti0237","http://blog.sina.com.cn/rss/1194868525.xml","995e8ed00a9f0241e1d82e5ad422be7a",120,"2013-04-26 09:17:06","2012-03-27 07:04:59","2013-04-26 09:20:12",1,1
152,"杨恒均的博客","chouti0238","http://yanghengjunbk.blog.163.com/rss/","1364e0b34f2251aab7202e619b2ea921",120,"2013-04-26 09:20:47","2012-03-27 07:04:59","2013-04-26 09:20:47",0,1
153,"李华芳","chouti0239","http://blog.sina.com.cn/rss/1227316034.xml","7a88f972744a0ee3e01c8d4c7e17c6f4",120,"2013-04-26 09:22:34","2012-03-27 07:04:59","2013-04-26 09:22:34",0,1
154,"李银河","chouti0241","http://blog.sina.com.cn/rss/1195201334.xml","78501d6fa46b017b83db617f3fa8f1ad",120,"2013-04-26 09:21:42","2012-03-27 07:04:59","2013-04-26 09:21:42",0,1
155,"中评电讯","chouti0244","http://gb.chinareviewnews.com/crn-webapp/rss/rss_msg.jsp?coluid=7&kindid=0&v=rss_2.0","6f1b4c842ca792465a07a1b3f7964aed",120,"2013-04-26 09:22:00","2012-03-27 07:04:59","2013-04-26 09:22:00",0,1
156,"南都周刊-热点新闻","chouti0245","http://www.nbweekly.com/rss.xml","dcfbb17c3e3132bcf12342ac06178ee2",120,"2013-04-26 09:21:22","2012-03-27 07:04:59","2013-04-26 09:21:22",0,1
157,"赵牧博客","chouti0248","http://zhaomu.blog.sohu.com/rss","2a7863e17a69e3459627658826f4f294",120,"2013-04-26 09:23:08","2012-03-27 07:04:59","2013-04-26 09:23:08",0,1
158,"Mtime资讯","chouti0249","http://www.mtime.com/rss/news.rss","2eedf6a87a4667fc0209af4d7828d430",120,"2013-04-26 09:22:18","2012-03-27 07:04:59","2013-04-26 09:22:18",0,1
159,"Mtime影评","chouti0250","http://www.mtime.com/rss/comment.rss","4ea982eba5ec3d68638f464872e66372",120,"2013-04-26 09:22:24","2012-03-27 07:04:59","2013-04-26 09:22:24",0,1
160,"阿忆","chouti0251","http://blog.sina.com.cn/rss/1222430350.xml","5d04adf949f43bb32c887eeb71794568",120,"2013-04-26 09:17:07","2012-03-27 07:04:59","2013-04-26 09:20:12",1,1
161,"野夫","chouti0252","http://www.bullock.cn/blogs/yefu/Rss.aspx","57f2a1b03a9627be7d6ca0c0b2b36e03",120,"2013-04-26 09:22:18","2012-03-27 07:04:59","2013-04-26 09:22:18",0,1
162,"看上去很猛","chouti0253","http://someng7.blog.163.com/rss/","9e2993f840003cc43a84bef78107412e",120,"2013-04-26 09:22:44","2012-03-27 07:04:59","2013-04-26 09:22:44",0,1
163,"水木社区 今日十大热门话题","chouti0254","http://www.newsmth.net/rssi.php?h=1","d0a1c789e50378f3769c2c3fc4cadbed",120,"2013-04-26 09:22:22","2012-03-27 07:04:59","2013-04-26 09:22:22",0,1
164,"非常日_","chouti0255","http://blog.sina.com.cn/rss/1587492330.xml","27aa8e5523ba031e03d3f590ce3c4733",120,"2013-04-26 09:20:28","2012-03-27 07:04:59","2013-04-26 09:20:28",0,1
165,"路透: 中国财经","chouti0256","http://cn.reuters.com/rssFeed/chinaNews/","2ee0281add635b487bebb65cd0c89d6c",120,"2013-04-26 09:17:24","2012-03-27 07:04:59","2013-04-26 09:20:12",1,1
166,"路透: 国际财经","chouti0257","http://cn.reuters.com/rssFeed/CNIntlBizNews/","14442b7c2590051128405d6d8b67c0ae",120,"2013-04-26 09:17:23","2012-03-27 07:04:59","2013-04-26 09:20:12",1,1
167,"路透: 深度分析","chouti0258","http://cn.reuters.com/rssFeed/CNAnalysesNews/","edfdcc4ad38080663ef4d19d2635853b",120,"2013-04-26 09:17:26","2012-03-27 07:04:59","2013-04-26 09:20:12",1,1
168,"科学美国人","chouti0259","http://blog.sina.com.cn/rss/1235572171.xml","cb3d885386a14227444cd17e7c5aefea",120,"2013-04-26 09:22:32","2012-03-27 07:04:59","2013-04-26 09:22:32",0,1
169,"徐铁人绕着地球去旅行","chouti0260","http://blog.sina.com.cn/rss/xutieren.xml","64d91db360f0b676b8a94214c22cab6f",120,"2013-04-26 09:17:30","2012-03-27 07:04:59","2013-04-26 09:20:12",1,1
170,"陈志武","chouti0262","http://blog.sina.com.cn/rss/1222713954.xml","61a3dcfea5a3ceab2c5a524944aeec96",120,"2013-04-26 09:20:38","2012-03-27 07:04:59","2013-04-26 09:20:38",0,1
171,"爱稀奇","chouti0263","http://www.ixiqi.com/feed","fa52bcf8b094daaa960eecb63030e48c",120,"2013-04-26 09:17:04","2012-03-27 07:04:59","2013-04-26 09:20:12",1,1
172,"MISS F Magazine","chouti0265","http://missfaye.blogbus.com/index.rdf","cd8d3b450a6ff62532c6cb0186c37bf4",120,"2013-04-26 09:17:22","2012-03-27 07:04:59","2013-04-26 09:20:12",1,1
173,"周瑞金","chouti0266","http://zhou-ruijin.blog.sohu.com/rss","297808b0a7540cc7a9dc9522e5f75cef",120,"2013-04-26 09:21:06","2012-03-27 07:04:59","2013-04-26 09:21:06",0,1
174,"易宪容","chouti0267","http://yixianrongblog.blog.sohu.com/rss","7526ca42a294be58054bc1e5a938d544",120,"2013-04-26 09:17:06","2012-03-27 07:04:59","2013-04-26 09:20:12",1,1
175,"日本共同网","chouti0268","http://china.kyodonews.jp/rss/news_ch.xml","3482ccd24dd1803ba0b91d3e608d8552",120,"2013-04-26 09:21:08","2012-03-27 07:04:59","2013-04-26 09:21:08",0,1
176,"韩国kbs","chouti0269","http://world.kbs.co.kr/rss/rss_news.htm?lang=c","f611f064ddb2a0fb44513b25d5cebe8e",120,"2013-04-26 09:22:27","2012-03-27 07:04:59","2013-04-26 09:22:27",0,1
177,"天朝娱乐","chouti0270","http://feed.fun4hi.com","9df6b62869dc166a4dcfab47ea03d115",120,"2013-04-26 09:21:58","2012-03-27 07:04:59","2013-04-26 09:21:58",0,1
178,"铅笔经济研究社","chouti0271","http://www.impencil.org/Common/RssHandler.ashx","c62664f206e8bb6507954cba0cba6125",120,"2013-04-26 09:17:09","2012-03-27 07:04:59","2013-04-26 09:20:12",1,1
179,"《财经网》博客","chouti0274","http://blog.caijing.com.cn/rss-u.xml","6881e220d895f4d5c68e14b9d6290a6b",120,"2013-04-26 09:20:13","2012-03-27 07:04:59","2013-04-26 09:20:13",0,1
180,"和讯网","chouti0275","http://news.hexun.com/rss/www_rss.xml","85d13fd6e66a0abd7d861cfa9c89cff4",120,"2013-04-26 09:20:13","2012-03-27 07:04:59","2013-04-26 09:20:13",0,1
181,"爱专栏","chouti0280","http://icolumn.net/?feed=rss2","5d6410df5e7b7343b7777a0c43feefd2",120,"2013-04-26 09:17:35","2012-03-27 07:04:59","2013-04-26 09:20:12",1,1
182,"商业价值","chouti0281","http://content.businessvalue.com.cn/feed","34637319cb22d7bc2aa2d1e3088684b3",120,"2013-04-26 09:23:49","2012-03-27 07:04:59","2013-04-26 09:23:49",0,1
183,"嘎嘎在日本","chouti0283","http://www.hokaka.com/?feed=rss2","91ebb1b8da232de17e6ac06c69d2aea0",120,"2013-04-26 09:22:30","2012-03-27 07:04:59","2013-04-26 09:22:30",0,1
185,"新周刊","chouti0292","http://blog.sina.com.cn/rss/1224766822.xml","ec45c4f10fca8296be002cf89f8ef6c6",120,"2013-04-26 09:22:23","2012-03-27 07:04:59","2013-04-26 09:22:24",0,1
187,"一五一十推荐文章","chouti0296","http://feed.feedsky.com/my1510recommded","59a7523b9bd51deee575abfe2b39aaf8",120,"2013-04-26 09:17:06","2012-03-27 07:04:59","2013-04-26 09:20:12",1,1
188,"选举与治理","chouti0297","http://www.chinaelections.org/rss_newupdata.asp","40dce8ae14c0615d5f51fa92dfbce29d",120,"2013-04-26 09:20:30","2012-03-27 07:04:59","2013-04-26 09:20:31",0,1
189,"宅映像","chouti0298","http://feed.feedsky.com/zhaiyx","d2add73c252554253de35bda4e149392",120,"2013-04-26 09:20:38","2012-03-27 07:04:59","2013-04-26 09:20:39",0,1
190,"东方早报","chouti0301","http://www.dfdaily.com/rss/21.xml","fa12addfae1a091fea6d4dba712c64bb",120,"2013-04-26 09:17:20","2012-03-27 07:04:59","2013-04-26 09:20:12",1,1
191,"观点地产网","chouti0302","http://blog.guandian.cn/feed","554655a63e646130d43b7887928bae93",120,"2013-04-26 09:21:28","2012-03-27 07:04:59","2013-04-26 09:21:28",0,1
192,"冷眼digest","chouti0304","http://www.cdig.info/feed","626468d1fcb7096425af90b560cf9373",120,"2013-04-26 09:20:22","2012-03-27 07:04:59","2013-04-26 09:20:22",0,1
193,"蛋笔生活研究社","chouti0305","http://dancil.org/feed","b79a8ef6be3898bef5766e053bb6f1aa",120,"2013-04-26 09:22:21","2012-03-27 07:04:59","2013-04-26 09:22:21",0,1
194,"非设计","chouti0307","http://www.findesign.cn/?feed=rss2","de1b239958f3f5bd3b267ade0a651d01",120,"2013-04-26 09:17:11","2012-03-27 07:04:59","2013-04-26 09:20:12",1,1
195,"不准开心","chouti0359","http://www.buzhunkaixin.com/feed/","668f713f95cb019b419f58b22e3048c8",120,"2013-04-26 09:21:23","2012-03-27 07:04:59","2013-04-26 09:21:23",0,1
196,"极客公园","chouti0400","http://feeds.geekpark.net","d9e654547b485d36d863c20a014284c6",120,"2013-04-26 09:20:48","2012-03-27 07:04:59","2013-04-26 09:20:48",0,1
197,"时代周报 文化","chouti0402","http://news.time-weekly.com/rss.php?rssid=59","3edc27d2adc1ae1c6520407b85fed2c3",120,"2013-04-26 09:23:33","2012-03-27 07:04:59","2013-04-26 09:23:33",0,1
198,"望月的博客","chouti0403","http://feed.feedsky.com/zwblogger","978699c4410d29f423d89dc5e97ada6e",120,"2013-04-26 09:21:35","2012-03-27 07:04:59","2013-04-26 09:21:35",0,1
199,"理想生活实验室","chouti0404","http://www.toodaylab.com/feed","3b419a0d779ddfd50b9616fef33ae3ca",120,"2013-04-26 09:20:29","2012-03-27 07:04:59","2013-04-26 09:20:29",0,1
200,"生活周刊","chouti0405","http://blog.sina.com.cn/rss/1641245030.xml","ba053f4d04648dff50811312aaa26212",120,"2013-04-26 09:20:40","2012-03-27 07:04:59","2013-04-26 09:20:40",0,1
201,"嘉人 新浪博客","chouti0407","http://blog.sina.com.cn/rss/1399746707.xml","18eb1f7f4b841fd1d55c1d7a56db4839",120,"2013-04-26 09:22:27","2012-03-27 07:04:59","2013-04-26 09:22:27",0,1
202,"BWCHINESE中文网","chouti0408","http://www.bwchinese.com/bwchinesetop.xml","e0fb418c975ef38a4320048af9be1f72",120,"2013-04-26 09:21:53","2012-03-27 07:04:59","2013-04-26 09:21:54",0,1
203,"陈杰人 网易博客","chouti0409","http://chenjieren999.blog.163.com/rss/","113e303740c1e3e4f05445a77d6f8163",120,"2013-04-26 09:22:09","2012-03-27 07:04:59","2013-04-26 09:22:09",0,1
204,"肖宾 新浪博客","chouti0410","http://blog.sina.com.cn/rss/1197186922.xml","e14f830be63208245fb1452dc1141bbe",120,"2013-04-26 09:17:26","2012-03-27 07:04:59","2013-04-26 09:20:12",1,1
205,"陈磊 南方人物周刊","chouti0412","http://henanchenlei.blog.163.com/rss/","75eafb5e1f89cb4f062f10557b9f38d1",120,"2013-04-26 09:21:34","2012-03-27 07:04:59","2013-04-26 09:21:34",0,1
206,"愚巷—专栏","chouti0413","http://13735822028.blog.163.com/rss/","5fcf3a639b631726252db367066627e1",120,"2013-04-26 09:21:33","2012-03-27 07:04:59","2013-04-26 09:21:33",0,1
207,"木子美新浪博客","chouti0414","http://blog.sina.com.cn/rss/1496913734.xml","e72f32e3338839b2394a3c11a517666f",120,"2013-04-26 09:21:17","2012-03-27 07:04:59","2013-04-26 09:21:17",0,1
208,"树洞","chouti0415","http://www.shu0.net/?feed=rss2","0a5bca3a7c97d960f81710d052aee78f",120,"2013-04-26 09:20:58","2012-03-27 07:04:59","2013-04-26 09:20:58",0,1
209,"嗨 历史","chouti0416","http://feed.hihistory.net/","7fdfdb3f5df19aeebb191f29f8017988",120,"2013-04-26 09:17:37","2012-03-27 07:04:59","2013-04-26 09:20:12",1,1
210,"美国驻华大使馆","chouti0417","http://blog.sina.com.cn/rss/1743951792.xml","f4536cd1d4102578bbf52ea1ab3e0bd0",120,"2013-04-26 09:20:14","2012-03-27 07:04:59","2013-04-26 09:20:14",0,1
211,"老榕","chouti0418","http://blog.sina.com.cn/rss/1494720324.xml","7af3ed6fd973a82e131332afa803d632",120,"2013-04-26 09:21:02","2012-03-27 07:04:59","2013-04-26 09:21:02",0,1
212,"博客天下","chouti0419","http://blog.sina.com.cn/rss/1594590224.xml","93b4f37aace5f2222967e3cec4f7c2c5",120,"2013-04-26 09:20:22","2012-03-27 07:04:59","2013-04-26 09:20:22",0,1
213,"全球设计精华分享","chouti0420","http://feeds2.feedburner.com/designlol","520eb572a6807e1205516d82889c32fc",120,"2013-04-26 09:22:16","2012-03-27 07:04:59","2013-04-26 09:22:16",0,1
214,"Shane's Economic World","chouti0422","http://shaneliu.org/feed","b2ca0c25d2bbca830e729b8d3a5adb07",120,"2013-04-26 09:23:47","2012-03-27 07:04:59","2013-04-26 09:23:47",0,1
215,"犯贱志","chouti0423","http://www.fanjian.net/rss.xml","7e40f3750914eb64dfce78ed39f98217",120,"2013-04-26 09:20:33","2012-03-27 07:04:59","2013-04-26 09:20:33",0,1
216,"易中天","chouti0425","http://blog.sina.com.cn/rss/1198392970.xml","e2bfd45d7737bc327ceea1126109ce6d",120,"2013-04-26 09:20:23","2012-03-27 07:04:59","2013-04-26 09:20:23",0,1
217,"点子正","chouti0426","http://blog.sina.com.cn/rss/1584255432.xml","5b8bd89330db6fa813fa361b6f8dd082",120,"2013-04-26 09:17:17","2012-03-27 07:04:59","2013-04-26 09:20:12",1,1
218,"点点寒冰","chouti0427","http://blog.sina.com.cn/rss/1342389401.xml","58d0b3f93d33e8b22d111b6736d96a6c",120,"2013-04-26 09:21:14","2012-03-27 07:04:59","2013-04-26 09:21:14",0,1
219,"十来万吧","chouti0428","http://feed.feedsky.com/slw8","c1812ad3d6d5dc191768cb8ec9d0b42d",120,"2013-04-26 09:23:21","2012-03-27 07:04:59","2013-04-26 09:23:21",0,1
220,"雷锋网","leiphone","http://www.leiphone.com/feed","e85d9aee7afb839e35421bec0adf466f",120,"2013-04-26 09:21:38","2012-03-27 07:04:59","2013-04-26 09:21:38",0,1
222,"网不易","chouti0023","http://www.netnoease.com/rss2.php","7573e3f7a85672343c675a1296a623ee",120,"2013-04-26 09:22:55","2012-03-27 07:04:59","2013-04-26 09:22:55",0,1
224,"socialbeta","chouti0032","http://cn.socialbeta.feedsportal.com/c/34143/f/618283/index.rss","d1604065c1d833166172206cb7a9790a",120,"2013-04-26 09:22:42","2012-03-27 07:04:59","2013-04-26 09:22:42",0,1
225,"rtdot","rtdot","http://www.rtdot.com/feed","3860e09e5fd2958b5e50d73ad84a48d2",120,"2013-04-26 09:20:17","2012-03-27 07:04:59","2013-04-26 09:20:17",0,1
226,"互联网的那些事 ","chouti0036","http://feed.feedsky.com/alibuybuy","77a32d78a8ce80dcc788df6089016598",120,"2013-04-26 09:17:27","2012-03-27 07:04:59","2013-04-26 09:20:12",1,1
227,"网事多磨","duomoo","http://duomoo.cn/feed","5ecf7f963f60b6578f7156f69570cc28",120,"2013-04-26 09:23:12","2012-03-27 07:04:59","2013-04-26 09:23:12",0,1
230,"谷奥","chouti0043","http://www.guao.hk/feed","303c67630b19f8b7b889fc3986a0c011",120,"2013-04-26 09:20:37","2012-03-27 07:04:59","2013-04-26 09:20:37",0,1
232,"新闻别动队","chouti0045","http://www.pressmine.com/feed","ea4d8591dc04a0d0553c416a3d177817",120,"2013-04-26 09:17:06","2012-03-27 07:04:59","2013-04-26 09:20:12",1,1
233,"多一度","chouti0046","http://duoyidu.com/feed","f2a5db4cd79748d54559c1f3ef9f42e0",120,"2013-04-26 09:17:20","2012-03-27 07:04:59","2013-04-26 09:20:12",1,1
234,"懂的","chouti0051","http://dongde.in/feed/","b66e8af17c9999ce9de20ad53950e5c3",120,"2013-04-26 03:33:05","2012-03-27 07:04:59","2013-04-26 03:35:14",1,1
235,"摄影之友","chouti0052","http://feed.fotomen.cn/","a88ccb5a8a5e549c428d192ec193441b",120,"2013-04-26 09:17:32","2012-03-27 07:04:59","2013-04-26 09:20:12",1,1
236,"奇客的资讯","chouti0053","http://solidot.org.feedsportal.com/c/33236/f/556826/index.rss","d3e6c60f3ba238b375ba2b96b249c562",120,"2013-04-26 09:22:28","2012-03-27 07:04:59","2013-04-26 09:22:28",0,1
237,"雅虎资讯新闻","chouti0057","http://news.cn.yahoo.com/xianguo_article.xml?f=E569_24_5","7d8dc75766fa17770fcd3ca44a023d6b",120,"2013-04-26 09:20:24","2012-03-27 07:04:59","2013-04-26 09:20:24",0,1
238,"雅虎资讯画报","chouti0058","http://news.cn.yahoo.com/xianguo_newspic.xml?f=E569_24_7","5dc8ac2380fac1401fe8833cb670466e",120,"2013-04-26 09:20:24","2012-03-27 07:04:59","2013-04-26 09:20:24",0,1
240,"妖妖小精专栏","chouti0062","http://www.neihan8.com/data/rss/3.xml","080620d20c34fbd7ac63274924654b87",120,"2013-04-26 09:21:30","2012-03-27 07:04:59","2013-04-26 09:21:30",0,1
241,"纯银的博客","chouti0063","http://firecacada.blog.163.com/rss/","03b1fc2913e3226bb5fa9590978d202a",120,"2013-04-26 09:21:43","2012-03-27 07:04:59","2013-04-26 09:21:43",0,1
242,"设计癖","shejipi","http://www.shejipi.com/feed/","eac73a4783acf9e11b877cc2b4cff144",120,"2013-04-26 09:20:36","2012-03-27 07:04:59","2013-04-26 09:20:36",0,1
243,"无聊哦","wuliaoo","http://www.wuliaoo.com/feed/","919b48db392287f413c7aa7d0027e44e",120,"2013-04-26 09:21:12","2012-03-27 07:04:59","2013-04-26 09:21:12",0,1
245,"联合早报网","chouti0022","http://realtime.zaobao.com/news.xml","855df9485b2d6ede0d1a3f0746474d5c",120,"2013-04-26 09:20:42","2012-03-27 07:04:59","2013-04-26 09:20:42",0,1
246,"不许联想","chouti0090","http://www.wangxiaofeng.net/?feed=rss2","a3cfbb0d5fcf45aaf78920eb9528b9f5",120,"2013-04-26 09:22:24","2012-03-27 07:04:59","2013-04-26 09:22:24",0,1
248,"天朝标题党","chouti0092","http://www.newcn.net/feed","0bf732d7ae29c4ca664db881768fa496",120,"2013-04-26 09:16:56","2012-04-11 08:11:02","2013-04-26 09:20:12",1,1
249,"喷嚏图卦","chouti0068","http://tugua.dapenti.com","e46573268a1fa990715fb5f0187545f2",120,"2013-04-26 09:18:32","2012-04-11 08:13:05","2013-04-26 09:18:33",0,1
250,"哈哈.mx","chouti0093","http://feed.feedsky.com/hahamx2 ","cbe73e736941a388402c35eb490dacfd",120,"2013-04-26 09:21:02","2012-04-23 16:16:34","2013-04-26 09:21:02",0,1
251,"暴走漫画","baozoumanhua","http://baozoumanhua.com/home/rss","53948f3fd4fcd9a21189ec9439a05953",120,"2013-04-26 09:20:13","2012-04-25 14:50:18","2013-04-26 09:20:13",0,4
252,"四月网焦点言论","chouti0110","http://app.m4.cn/?app=rss&controller=index&action=feed&catid=242","26c767a16d491c69e35f4df18fd6209c",120,"2013-04-26 09:22:44","2012-05-09 17:06:24","2013-04-26 09:22:44",0,1
253,"四月网热点事件","chouti0111","http://app.m4.cn/?app=rss&controller=index&action=feed&catid=243","dd9093be49d92703d0059f2dc06a9ed4",120,"2013-04-26 09:21:22","2012-05-09 17:08:04","2013-04-26 09:21:22",0,1
254,"四月网世界趣闻","chouti0112","http://app.m4.cn/?app=rss&controller=index&action=feed&catid=244","dd6d95a00b48ab9a490aa4068963cb2e",120,"2013-04-26 09:22:01","2012-05-09 17:08:46","2013-04-26 09:22:01",0,1
255,"投资界","pedaily","http://www.pedaily.cn/zkrss.xml","f3ef62f10af5a91276ebf9b0374edc4e",120,"2013-04-26 09:22:33","2012-05-29 14:41:24","2013-04-26 09:22:33",0,1
256,"虎嗅网 ","chouti0115","http://www.huxiu.com/rss/0.xml","f83b84774bd57df61b3fa5d465ca9fe4",120,"2013-04-26 09:21:49","2012-06-05 11:58:08","2013-04-26 09:21:49",0,1
257,"蛋花儿","chouti0025","http://danhuaer.com/feed","8538f54f183cc5060ae38005fc90c95f",120,"2013-04-26 09:21:09","2012-06-18 22:41:34","2013-04-26 09:21:09",0,4
258,"知乎每日精选 ","chouti0017","http://www.zhihu.com/rss","b25cb5252e03034e3e08a66e252b9e6f",120,"2013-04-26 09:22:42","2012-06-27 15:08:43","2013-04-26 09:22:42",0,1
260,"海德沙龙","chouti0065","http://headsalon.org/feed ","14b62b6953889575edf27289ef13bdb2",120,"2013-04-26 09:20:50","2012-07-10 11:12:07","2013-04-26 09:20:50",0,1
261,"微米网","chouti0310","http://winp.cn/forum.php?mod=rss&fid=2","98e9fa76bb54674a68ead1462da15252",120,"2013-04-26 09:17:28","2012-08-03 15:42:51","2013-04-26 09:20:12",1,1
263,"我用贞操换此生","chouti0069","http://zhan.renren.com/111000111/rss","189cf610954c0a42b2c164814c5ffada",120,"2013-04-26 09:22:25","2012-08-22 14:30:27","2013-04-26 09:22:25",0,1
264,"科学美国人中文版","chouti0030","http://www.huanqiukexue.com/rss.php","78db93cfc6c60ee0c08409a74456ff8f",120,"2013-04-26 09:22:38","2012-08-28 17:09:04","2013-04-26 09:22:38",0,1
267,"煎蛋网","chouti0010","http://feed.feedsky.com/diggdigest","57d6b9a5fef170557bb857e03dcad54c",120,"2013-04-26 09:20:46","2012-10-30 14:39:30","2013-04-26 09:20:46",0,1
269,"九个头条","chouti0315","http://www.topnews9.com/","217270d41a2a0be837693edde801f78a",120,"2013-04-26 09:22:41","2012-11-15 10:47:50","2013-04-26 09:22:41",0,1
270,"PINGWEST","chouti0314","http://www.pingwest.com/","573d1decf8d0c82a87385ba7b7b9d55a",120,"2013-04-26 09:22:45","2012-11-15 10:49:41","2013-04-26 09:22:45",0,1
272,"iDonews","xiaoome","http://blog.donews.com/rss.php","10d0bfe3685d16c7aaa81dd4d54deb5d",120,"2013-04-26 09:20:41","2012-11-16 17:31:26","2013-04-26 09:20:42",0,1
273,"tech2ipo","tech2ipo","http://tech2ipo.com/feed/mediafed","f8d4f0c5b790c79ec91d630106d970d5",120,"2013-04-26 09:22:46","2012-11-29 15:03:01","2013-04-26 09:22:46",0,1
274,"开心网热门精选","kaixinwang","http://jipin.kaixin001.com/rss/zakerfeed","fdd9beca9b81523adee90ea181806cf0",120,"2013-04-26 09:17:14","2012-12-20 12:38:32","2013-04-26 09:20:12",1,1
279,"IBTimes中文网","chouti0329","http://cn2.ibtimes.com/rss/articles/topnews/all.rss","bf7501a1513bf9ada162cfa68c0a17af",120,"2013-04-26 09:23:43","2013-01-09 15:22:44","2013-04-26 09:23:43",0,1
281,"猫版海报女郎鉴赏","chouti0326","http://catsthatlooklikepinupgirls.tumblr.com/rss","5183dcdea84f56a75a258116ae527055",120,"2013-04-26 09:21:47","2013-01-15 15:12:11","2013-04-26 09:21:47",0,4
282,"cnBeta","chouti0018","http://cnbeta.feedsportal.com/c/34306/f/624776/index.rss","0c456f44548ba97bd2b5eabfe7957797",120,"2013-04-26 02:35:17","2013-02-02 15:15:12","2013-04-26 02:35:17",1,1
285,"拇指","chouti0070","http://feed.feedsky.com/mzblog","db473b16ddbf94bbfca3320a0581fffd",120,"2013-04-26 09:20:35","2013-03-18 23:15:28","2013-04-26 09:20:35",0,1
286,"留几手","chouti0071","http://blog.sina.com.cn/rss/1761179351.xml","96ec88a5bb1091f8c5a8984bf6b492ba",120,"2013-04-26 09:23:41","2013-03-20 16:22:01","2013-04-26 09:23:41",0,1
287,"云科技-程苓峰","chouti0074","http://www.yunkeji.com/?feed=rss2","14e7871aaa04d7b7dcfafe2576836b72",120,"2013-04-26 09:21:55","2013-03-21 13:01:19","2013-04-26 09:21:55",0,1
288,"美食博主双双","chouti3325","http://blog.sina.com.cn/rss/1426451787.xml","b9d80e108cb28e7eecbd30037c6f4b0d",120,"2013-04-26 09:17:22","2013-03-25 12:03:18","2013-04-26 09:20:12",1,1
289,"美食博主糖小饼","chouti3326","http://blog.sina.com.cn/rss/1763014380.xml","119a120e0d305513ef4b906b8988980f",120,"2013-04-26 09:17:11","2013-03-26 12:04:05","2013-04-26 09:20:12",1,1
290,"品途网","chouti13326","http://www.pintu360.com/category/original/feed","894227381be19a708a9ef4c359f39542",120,"2013-04-26 09:20:16","2013-03-26 16:45:40","2013-04-26 09:20:16",0,1
291,"华尔街日报中文版","chouti00126","http://cn.wsj.com/gb/rssall.xml","293320458216d46d489265d76bf51f20",120,"2013-04-26 09:20:17","2013-03-27 16:01:19","2013-04-26 09:20:17",0,1
292,"果壳网","chouti0293","http://www.guokr.com/rss/","2040c853efa4d099710380c113d25d9c",120,"2013-04-26 09:21:51","2013-03-28 16:09:15","2013-04-26 09:21:51",0,1
293,"百事小熊","chouti30401","http://blog.sina.com.cn/rss/1571343005.xml","f241ef581562fbb7ea0e9cd72bbb5877",120,"2013-04-26 09:17:16","2013-04-01 12:11:50","2013-04-26 09:20:12",1,1
294,"大厨幸福-Apple","chouti30402","http://dxlpik.blog.163.com/rss/","412c9c468a572cf07263b7b7ad7905b8",120,"2013-04-26 09:21:10","2013-04-02 10:48:37","2013-04-26 09:21:10",0,1
295,"美食罗生堂","chouti304002","http://blog.sina.com.cn/rss/2608786161.xml","46d594de5436c832d5d632a04e64dc83",120,"2013-04-26 09:17:15","2013-04-02 13:13:27","2013-04-26 09:20:12",1,1
297,"ettoday萌宠","chouti304071","http://feeds.feedburner.com/ettoday/pet?format=xml","7912506dd3a9d90893776007f86a4f6c",120,"2013-04-26 09:23:51","2013-04-07 14:51:23","2013-04-26 09:23:51",0,1
298,"ettoday图集","chouti304072","http://feeds.feedburner.com/ettoday/photo?format=xml","cf9b2a9714b5ce81ee65a8dec31f4e7f",120,"2013-04-26 09:17:01","2013-04-07 14:53:14","2013-04-26 09:20:12",1,4
299,"ettoday影视","chouti304073","http://feeds.feedburner.com/ettoday/star?format=xml","2a554e35a6c9b1d408fc8110f76ea91e",120,"2013-04-26 09:23:52","2013-04-07 14:59:11","2013-04-26 09:23:52",0,1
300,"ettoday社会","chouti304074","http://feeds.feedburner.com/ettoday/society?format=xml","27e8ab3134e06e7c9eb12ec1fcac58a5",120,"2013-04-26 09:21:22","2013-04-07 15:03:13","2013-04-26 09:21:22",0,1
301,"ettoday新奇","chouti304075","http://feeds.feedburner.com/ettoday/novelty?format=xml","20aa707b630770d0b47e3ab72f758268",120,"2013-04-26 09:21:52","2013-04-07 15:07:44","2013-04-26 09:21:52",0,1
302,"优妈美食","chouti30410","http://blog.163.com/xiuqi_xj/rss/","755ce4122ce59d7ade107477895b5705",120,"2013-04-26 09:21:02","2013-04-10 11:12:49","2013-04-26 09:21:02",0,1
303,"i黑马","chouti30414","http://feed.feedsky.com/iheima","f00ee98892735e38b793cc2222f3c278",120,"2013-04-26 09:17:30","2013-04-14 17:54:39","2013-04-26 09:20:12",1,1
304,"V电影","vmovier","http://feed.feedsky.com/vmovier","2ed7fd65c299dd439abb7b51f7c4ebde",120,"2013-04-26 09:21:46","2013-04-14 22:03:31","2013-04-26 09:21:47",0,1
305,"内涵吧","chouti0061","http://www.neihan8.com/rss.xml","e5a2651cb2b2dacddca7392996a6afb5",120,"2013-04-26 09:22:13","2013-04-17 16:04:36","2013-04-26 09:22:13",0,1
307,"最科技","chouti30422","http://www.zuitech.com/feed ","62d3154a2de385b2fb88073f5b2faf67",120,"2013-04-26 09:23:15","2013-04-22 16:12:27","2013-04-26 09:23:15",0,1
308,"智信网","chouti30425","http://www.ztrust.com.cn/?feed=rss2","30dbe751dc1dd797635e38c9d6501ae9",120,"2013-04-26 09:22:04","2013-04-25 11:01:24","2013-04-26 09:22:04",0,1
309,"PingWest","chouti30426","http://feed.feedsky.com/pingwest","c9f109222c80e8fe794ad1ea8cd61463",120,"2013-04-26 09:20:36","2013-04-25 18:35:28","2013-04-26 09:20:37",0,1